{
  "method": "robust",
  "eps": 1e-06,
  "voltage_center": 1.0154900550842285,
  "voltage_scale": 0.05213993787765503,
  "delta_center": -2.40212082862854,
  "delta_scale": 28.64067053794861,
  "metadata": {
    "fit_on": "74data-train",
    "angle_preprocess": "initial_then_mean",
    "max_values_per_modality": 500000,
    "sample_seed": 42,
    "num_sampled_voltage_values": 500000,
    "num_sampled_delta_values": 500000
  }
}