{
  "threshold": 0.07,
  "accuracy": 0.8979389615537059,
  "precision": 0.0375234521575985,
  "recall": 0.9090909090909091,
  "f1": 0.07207207207207207,
  "pr_auc": 0.03302148916099245,
  "roc_auc": 0.9312029530978576,
  "real_boundary_count": 22,
  "pred_boundary_count": 533,
  "count_error": 511,
  "tp": 20,
  "tn": 4511,
  "fp": 513,
  "fn": 2,
  "confusion_matrix": [
    [
      4511,
      513
    ],
    [
      2,
      20
    ]
  ],
  "loss": 0.9840696439362772,
  "loss_boundary": 0.9840696439362772,
  "avg_latency_ms": 61.97657462352014,
  "split_name": "37test",
  "num_samples": 5046
}