{
  "threshold": 0.09999999999999999,
  "accuracy": 0.9927884615384616,
  "precision": 0.5,
  "recall": 0.3333333333333333,
  "f1": 0.4,
  "pr_auc": 0.3823232323232323,
  "roc_auc": 0.9923325262308313,
  "real_boundary_count": 6,
  "pred_boundary_count": 4,
  "count_error": -2,
  "tp": 2,
  "tn": 824,
  "fp": 2,
  "fn": 4,
  "confusion_matrix": [
    [
      824,
      2
    ],
    [
      4,
      2
    ]
  ],
  "loss": 3.106267648208534,
  "loss_boundary": 3.106267648208534,
  "avg_latency_ms": 57.10120649130728,
  "split_name": "36val",
  "num_samples": 832
}