{
  "accuracy": 0.9958847736625515,
  "precision": 0.9984939759036144,
  "recall": 0.9940029985007496,
  "f1": 0.9962434259954922,
  "macro_f1": 0.9958469177293203,
  "micro_f1": 0.9958847736625515,
  "auc": 0.9997209310531616,
  "confusion_matrix": [
    [
      547,
      1
    ],
    [
      4,
      663
    ]
  ],
  "loss": 0.23557474513195062,
  "loss_cls": 0.0434564173334174,
  "loss_risk": 0.00331927948003029,
  "loss_phys": 0.4394835372406401,
  "loss_contrastive": 1.0256197472151958,
  "avg_latency_ms": 71.18757062526129,
  "split_name": "74val",
  "num_samples": 1215
}