{
  "accuracy": 0.9917695473251029,
  "precision": 0.9881129271916791,
  "recall": 0.9970014992503748,
  "f1": 0.9925373134328358,
  "macro_f1": 0.9916815007531152,
  "micro_f1": 0.9917695473251029,
  "auc": 0.9990425109863281,
  "confusion_matrix": [
    [
      540,
      8
    ],
    [
      2,
      665
    ]
  ],
  "loss": 0.22461066022515297,
  "loss_cls": 0.02737113380288448,
  "loss_risk": 0.0037713447281452032,
  "loss_phys": 0.453049710976254,
  "loss_contrastive": 1.047439083849129,
  "avg_latency_ms": 71.62453562523297,
  "split_name": "74val",
  "num_samples": 1215
}