{
  "accuracy": 0.9464922711058263,
  "precision": 0.9915662650602409,
  "recall": 0.9083885209713024,
  "f1": 0.9481566820276497,
  "macro_f1": 0.9464370633725472,
  "micro_f1": 0.9464922711058263,
  "auc": 0.9934796094894409,
  "confusion_matrix": [
    [
      2307,
      21
    ],
    [
      249,
      2469
    ]
  ],
  "loss": 0.7645595853118058,
  "loss_cls": 0.5055976175342077,
  "loss_risk": 0.019201174812162075,
  "loss_phys": 0.4825484770872828,
  "loss_contrastive": 1.528516819662224,
  "avg_latency_ms": 39.959368124982575,
  "split_name": "37test",
  "num_samples": 5046
}