{
  "accuracy": 0.7631009615384615,
  "precision": 0.7356136820925553,
  "recall": 1.0,
  "f1": 0.8476698353814051,
  "macro_f1": 0.6575555337404189,
  "micro_f1": 0.7631009615384615,
  "auc": 0.987324059009552,
  "confusion_matrix": [
    [
      865,
      1971
    ],
    [
      0,
      5484
    ]
  ],
  "loss": 0.5991953622406492,
  "loss_cls": 0.2732512204477853,
  "loss_risk": 0.019642264094895487,
  "loss_phys": 0.6367790159196235,
  "loss_contrastive": 1.8876720133309182,
  "avg_latency_ms": 37.14015937439399,
  "split_name": "36test",
  "num_samples": 8320
}