{
  "accuracy": 0.8530864197530864,
  "precision": 0.7860923076923076,
  "recall": 0.992695057506994,
  "f1": 0.8773954255099936,
  "macro_f1": 0.8470746761057821,
  "micro_f1": 0.8530864197530864,
  "auc": 0.9614332318305969,
  "confusion_matrix": [
    [
      3978,
      1738
    ],
    [
      47,
      6387
    ]
  ],
  "loss": 0.7715570794919983,
  "loss_cls": 0.3840964625398677,
  "loss_risk": 0.027327821121586045,
  "loss_phys": 0.9010358344805822,
  "loss_contrastive": 1.9358953232040053,
  "avg_latency_ms": 74.49256375111872,
  "split_name": "74test",
  "num_samples": 12150
}