{
  "accuracy": 0.8115384615384615,
  "precision": 0.7776517300056721,
  "recall": 1.0,
  "f1": 0.8749202297383536,
  "macro_f1": 0.7464269764676174,
  "micro_f1": 0.8115384615384615,
  "auc": 0.967589795589447,
  "confusion_matrix": [
    [
      1268,
      1568
    ],
    [
      0,
      5484
    ]
  ],
  "loss": 0.6934235083584029,
  "loss_cls": 0.3251158428530674,
  "loss_risk": 0.024669827658139045,
  "loss_phys": 0.6505515795272704,
  "loss_contrastive": 2.2586242685524316,
  "avg_latency_ms": 38.79753312357934,
  "split_name": "36test",
  "num_samples": 8320
}