{
  "accuracy": 0.996031746031746,
  "precision": 0.9928057553956835,
  "recall": 1.0,
  "f1": 0.996389891696751,
  "macro_f1": 0.9959923026765694,
  "micro_f1": 0.996031746031746,
  "auc": 0.9999681115150452,
  "confusion_matrix": [
    [
      226,
      2
    ],
    [
      0,
      276
    ]
  ],
  "loss": 0.17925477855735356,
  "loss_cls": 0.0112241753858042,
  "loss_risk": 0.00595794802384695,
  "loss_phys": 0.36591309167089914,
  "loss_contrastive": 0.9186900835188608,
  "avg_latency_ms": 42.285598124726675,
  "split_name": "37val",
  "num_samples": 504
}