{
  "accuracy": 0.974485596707819,
  "precision": 0.9894501278772379,
  "recall": 0.962076468759714,
  "f1": 0.975571315996848,
  "macro_f1": 0.9744350981362363,
  "micro_f1": 0.974485596707819,
  "auc": 0.994875967502594,
  "confusion_matrix": [
    [
      5650,
      66
    ],
    [
      244,
      6190
    ]
  ],
  "loss": 0.5350318676090068,
  "loss_cls": 0.2908843484731781,
  "loss_risk": 0.01999875372916799,
  "loss_phys": 0.45323391591638346,
  "loss_contrastive": 1.4350135627744072,
  "avg_latency_ms": 69.30571062403033,
  "split_name": "74test",
  "num_samples": 12150
}