{
  "accuracy": 0.988902100673801,
  "precision": 0.9936943620178041,
  "recall": 0.9856512141280354,
  "f1": 0.9896564462504618,
  "macro_f1": 0.9888427592517808,
  "micro_f1": 0.988902100673801,
  "auc": 0.9994502067565918,
  "confusion_matrix": [
    [
      2311,
      17
    ],
    [
      39,
      2679
    ]
  ],
  "loss": 0.31234773865970306,
  "loss_cls": 0.08729173450758046,
  "loss_risk": 0.020508976378461507,
  "loss_phys": 0.4602267425367092,
  "loss_contrastive": 1.2275616389635815,
  "avg_latency_ms": 38.74887124693487,
  "split_name": "37test",
  "num_samples": 5046
}