{
  "accuracy": 0.9891826923076923,
  "precision": 0.9837837837837838,
  "recall": 1.0,
  "f1": 0.9918256130790191,
  "macro_f1": 0.9879199113352466,
  "micro_f1": 0.9891826923076923,
  "auc": 0.9998142719268799,
  "confusion_matrix": [
    [
      277,
      9
    ],
    [
      0,
      546
    ]
  ],
  "loss": 0.18385425260147223,
  "loss_cls": 0.02503476122385214,
  "loss_risk": 0.0067870039937798325,
  "loss_phys": 0.28278258240495163,
  "loss_contrastive": 0.9886947113734025,
  "avg_latency_ms": 38.63228812260786,
  "split_name": "36val",
  "num_samples": 832
}