{
  "accuracy": 0.9783653846153846,
  "precision": 0.9870848708487084,
  "recall": 0.9798534798534798,
  "f1": 0.9834558823529411,
  "macro_f1": 0.9761029411764706,
  "micro_f1": 0.9783653846153846,
  "auc": 0.9993851780891418,
  "confusion_matrix": [
    [
      279,
      7
    ],
    [
      11,
      535
    ]
  ],
  "loss": 0.23863365408033133,
  "loss_cls": 0.07857642790402672,
  "loss_risk": 0.0034057378262122464,
  "loss_phys": 0.24660118285100907,
  "loss_contrastive": 1.090341186294189,
  "avg_latency_ms": 36.1662362513016,
  "split_name": "36val",
  "num_samples": 832
}